City_ID,City,Country,Lat,Lng,Max Temp,Humidity,Cloudiness,Wind Speed,Current Description
0,Busselton,AU,-33.65,115.3333,81.05,46,0,9.48,clear sky
1,Broome,US,42.2506,-75.833,16.02,76,0,8.05,clear sky
2,Presidencia Roque Saenz Pena,AR,-26.7852,-60.4388,70.09,38,0,1.43,clear sky
3,Beira,MZ,-19.8436,34.8389,75.81,85,16,3.4,few clouds
4,Punta Arenas,CL,-53.15,-70.9167,44.71,49,20,8.05,few clouds
5,Avarua,CK,-21.2078,-159.775,75.25,88,20,4.61,light rain
6,Ribeira Grande,PT,38.5167,-28.7,58.08,69,100,3.51,overcast clouds
7,Lensk,RU,60.7253,114.9278,-14.46,95,96,1.28,overcast clouds
8,Lavrentiya,RU,65.5833,-171.0,-18.63,93,13,2.21,few clouds
9,Jamestown,US,42.097,-79.2353,15.12,67,100,5.75,overcast clouds
10,Port Lincoln,AU,-34.7333,135.8667,71.87,69,15,11.99,few clouds
11,Luchegorsk,RU,46.4764,134.2569,8.92,89,97,1.03,overcast clouds
12,Kapaa,US,22.0752,-159.319,78.78,64,0,17.27,clear sky
13,Yellowknife,CA,62.456,-114.3525,-19.59,89,40,5.75,scattered clouds
14,Atuona,PF,-9.8,-139.0333,77.61,79,17,13.56,light rain
15,Kandrian,PG,-6.2167,149.55,84.13,74,92,2.64,light rain
16,Zhigansk,RU,66.7697,123.3711,-32.57,98,56,1.77,broken clouds
17,Acapulco,MX,16.8634,-99.8901,80.42,78,75,8.05,broken clouds
18,Ushuaia,AR,-54.8,-68.3,38.86,75,40,18.41,scattered clouds
19,Rikitea,PF,-23.1203,-134.9692,79.0,70,3,14.58,clear sky
20,Cidreira,BR,-30.1811,-50.2056,68.77,88,24,2.75,few clouds
21,Hithadhoo,MV,-0.6,73.0833,82.09,74,52,12.8,moderate rain
22,Faanui,PF,-16.4833,-151.75,80.38,75,100,13.85,light rain
23,Esperance,AU,-33.8667,121.9,70.03,59,65,11.14,light rain
24,Souillac,MU,-20.5167,57.5167,80.98,89,40,6.91,light rain
25,Port Elizabeth,ZA,-33.918,25.5701,66.49,94,100,8.05,overcast clouds
26,Andenes,NO,69.3143,16.1194,31.98,64,100,12.66,snow
27,Victoria,HK,22.2855,114.1577,61.97,73,48,4.0,scattered clouds
28,Kysyl-Syr,RU,63.8986,122.7617,-19.79,99,100,0.51,overcast clouds
29,Tuktoyaktuk,CA,69.4541,-133.0374,-31.0,75,75,9.22,broken clouds
30,Qaanaaq,GL,77.484,-69.3632,-8.28,70,76,6.76,broken clouds
31,Albany,US,42.6001,-73.9662,22.17,58,29,1.01,scattered clouds
32,Carnarvon,AU,-24.8667,113.6333,86.07,74,5,11.5,clear sky
33,Puerto Ayora,EC,-0.7393,-90.3518,75.54,93,95,3.47,overcast clouds
34,Georgetown,MY,5.4112,100.3354,84.13,77,20,5.75,few clouds
35,Ekhabi,RU,53.5102,142.9671,-3.42,91,14,13.56,few clouds
36,Mogadishu,SO,2.0371,45.3438,76.59,81,95,18.05,overcast clouds
37,Zaraza,VE,9.3503,-65.3245,75.63,71,34,9.15,scattered clouds
38,Sibolga,ID,1.7427,98.7792,81.09,76,47,1.28,scattered clouds
39,Thompson,CA,55.7435,-97.8558,-20.04,76,0,0.0,clear sky
40,Sitrah,BH,26.1547,50.6206,62.6,66,0,9.22,clear sky
41,Hilo,US,19.7297,-155.09,78.53,72,20,8.05,few clouds
42,Pacifica,US,37.6138,-122.4869,70.74,69,75,11.5,broken clouds
43,Kodiak,US,57.79,-152.4072,38.71,65,0,0.0,clear sky
44,Vila,PT,42.0304,-8.1588,42.33,93,92,6.51,overcast clouds
45,Ust-Maya,RU,60.4167,134.5333,-17.18,93,97,2.19,overcast clouds
46,Hermanus,ZA,-34.4187,19.2345,67.89,79,80,17.87,broken clouds
47,Darhan,MN,49.4867,105.9228,-9.4,96,100,2.84,overcast clouds
48,Jvari,GE,42.7169,42.052,35.85,61,100,9.15,overcast clouds
49,Bluff,NZ,-46.6,168.3333,66.79,63,100,1.57,overcast clouds
50,Vestmannaeyjar,IS,63.4427,-20.2734,34.72,75,100,31.29,overcast clouds
51,Kokubu,JP,31.7333,130.7667,53.65,93,75,3.44,fog
52,Castro,BR,-24.7911,-50.0119,65.43,89,97,2.48,overcast clouds
53,Padang,ID,-0.9492,100.3543,80.65,62,63,0.74,broken clouds
54,Kukmor,RU,56.1855,50.8944,-3.5,100,100,2.89,overcast clouds
55,Melfort,CA,52.8667,-104.6177,3.96,85,92,5.75,overcast clouds
56,Nome,US,64.5011,-165.4064,-2.13,60,0,0.0,clear sky
57,Sitka,US,57.0531,-135.33,42.69,81,100,4.61,overcast clouds
58,Santa Rosa De Cabal,CO,4.8681,-75.6214,63.64,88,40,4.61,scattered clouds
59,East London,ZA,-33.0153,27.9116,71.31,81,20,9.95,few clouds
60,Butaritari,KI,3.0707,172.7902,81.12,77,32,12.28,light rain
61,Iqaluit,CA,63.7506,-68.5145,-16.31,62,100,4.61,light snow
62,Sola,VU,-13.8833,167.55,82.76,76,95,18.14,overcast clouds
63,Khatanga,RU,71.9667,102.5,-27.56,100,52,2.33,broken clouds
64,Bako,ET,5.7833,36.5667,66.72,42,93,3.76,overcast clouds
65,Ponta Do Sol,PT,32.6667,-17.1,61.72,71,88,1.3,overcast clouds
66,Saint-Philippe,RE,-21.3585,55.7679,78.39,87,38,11.43,scattered clouds
67,Jose De Freitas,BR,-4.7564,-42.5756,72.55,94,99,0.83,moderate rain
68,Tinskoy,RU,56.1525,96.9161,-14.69,95,6,5.55,clear sky
69,Buenos Aires,AR,-34.6132,-58.3772,73.13,47,0,3.44,clear sky
70,Guntakal,IN,15.1667,77.3833,67.06,72,5,6.89,clear sky
71,Alofi,NU,-19.0595,-169.9187,81.01,73,98,11.88,light rain
72,Barrow,US,71.2906,-156.7887,-27.38,68,75,8.05,broken clouds
73,Reading,GB,51.4562,-0.9711,47.55,79,75,8.05,broken clouds
74,Mabaruma,GY,8.2,-59.7833,70.74,95,98,3.15,overcast clouds
75,Torbay,CA,47.6666,-52.7314,32.76,85,100,10.36,overcast clouds
76,Cape Town,ZA,-33.9258,18.4232,68.41,80,20,19.57,few clouds
77,Podyuga,RU,61.095,40.8647,27.73,95,100,9.55,light snow
78,San Quintin,MX,30.4833,-115.95,66.81,39,0,8.43,clear sky
79,Kaduqli,SD,11.0167,29.7167,71.33,17,6,14.41,clear sky
80,Maniitsoq,GL,65.4167,-52.9,1.13,88,100,5.99,light snow
81,Port Alfred,ZA,-33.5906,26.891,68.83,90,58,15.21,light rain
82,Tiksi,RU,71.6872,128.8694,-12.42,91,19,10.47,few clouds
83,Durusu,TR,41.3053,28.6767,43.84,84,100,10.0,overcast clouds
84,Saint-Leu,RE,-21.15,55.2833,79.63,78,4,1.3,clear sky
85,Beyneu,KZ,45.3167,55.2,27.09,83,6,14.63,clear sky
86,Vila Velha,BR,-20.3297,-40.2925,75.15,97,40,3.44,scattered clouds
87,Olafsvik,IS,64.8945,-23.7142,32.45,72,100,12.53,light snow
88,Upernavik,GL,72.7868,-56.1549,-3.35,96,100,4.47,overcast clouds
89,Puerto Escondido,MX,15.85,-97.0667,79.63,73,40,0.0,scattered clouds
90,Saskylakh,RU,71.9167,114.0833,-17.45,93,20,3.02,few clouds
91,Glenwood Springs,US,39.5505,-107.3248,36.63,55,0,10.36,clear sky
92,Luau,AO,-10.7073,22.2247,63.75,98,100,3.13,light rain
93,Boa Vista,BR,2.8197,-60.6733,82.38,65,0,13.8,clear sky
94,Nemuro,JP,43.3236,145.575,28.83,87,100,14.25,overcast clouds
95,Griffin,US,33.2468,-84.2641,41.27,39,0,4.61,clear sky
96,Stromness,GB,58.965,-3.296,41.25,85,100,16.2,overcast clouds
97,Qandala,SO,11.472,49.8728,72.28,68,74,3.38,broken clouds
98,Nikolskoye,RU,59.7035,30.7861,36.88,91,100,11.54,overcast clouds
99,Nanortalik,GL,60.1432,-45.2371,20.71,94,100,27.2,snow
100,Bambous Virieux,MU,-20.3428,57.7575,80.85,89,40,6.91,moderate rain
101,Constitucion,CL,-35.3333,-72.4167,58.86,90,64,2.93,broken clouds
102,Aurillac,FR,44.9167,2.45,44.85,92,100,11.5,overcast clouds
103,Ulaanbaatar,MN,47.9077,106.8832,-11.07,77,75,0.0,broken clouds
104,Ergani,TR,38.2653,39.7621,30.92,64,100,4.25,overcast clouds
105,Penzance,GB,50.1186,-5.5371,47.77,75,27,17.45,scattered clouds
106,Quatre Cocos,MU,-20.2078,57.7625,80.71,89,100,14.29,moderate rain
107,Jiehu,CN,35.5428,118.455,37.47,59,62,11.72,broken clouds
108,Dikson,RU,73.5069,80.5464,-5.42,88,100,23.17,overcast clouds
109,Yarmouth,US,41.7057,-70.2286,33.96,93,100,9.22,snow
110,Zyryanka,RU,65.75,150.85,-20.51,89,12,6.46,few clouds
111,Grand Gaube,MU,-20.0064,57.6608,81.0,80,100,3.0,overcast clouds
112,Suntar,RU,62.1444,117.6319,-10.08,97,100,1.28,overcast clouds
113,Vila Franca Do Campo,PT,37.7167,-25.4333,58.19,70,100,4.09,overcast clouds
114,Airai,TL,-8.9266,125.4092,72.54,59,23,2.44,few clouds
115,Tiznit,MA,29.5833,-9.5,52.41,50,0,3.51,clear sky
116,Coquimbo,CL,-29.9533,-71.3436,64.13,77,0,5.75,clear sky
117,Estelle,US,29.8458,-90.1067,51.8,58,0,4.61,clear sky
118,Nyurba,RU,63.2842,118.3319,-13.76,99,100,0.89,overcast clouds
119,Cayenne,GF,4.9333,-52.3333,80.1,86,75,4.0,broken clouds
120,Anton Lizardo,MX,19.05,-95.9833,65.21,62,97,28.39,overcast clouds
121,Komsomolskiy,UZ,40.4272,71.7189,38.12,81,100,0.0,mist
122,Adamantina,BR,-21.6853,-51.0725,76.75,74,11,3.24,few clouds
123,Mahebourg,MU,-20.4081,57.7,80.89,89,40,6.91,scattered clouds
124,Lufilufi,WS,-13.8745,-171.5986,86.79,76,75,5.91,broken clouds
125,Ariquemes,BR,-9.9133,-63.0408,71.22,99,100,1.9,heavy intensity rain
126,Klaksvik,FO,62.2266,-6.589,32.92,65,100,28.7,overcast clouds
127,Yalta,UA,44.5,34.1667,36.12,68,100,12.8,overcast clouds
128,Nelson Bay,AU,-32.7167,152.15,82.09,56,50,4.0,scattered clouds
129,Vallenar,CL,-28.5708,-70.7581,67.42,58,0,2.26,clear sky
130,Hobart,AU,-42.8794,147.3294,68.27,67,75,12.66,broken clouds
131,Arraial Do Cabo,BR,-22.9661,-42.0278,75.43,92,16,15.43,few clouds
132,Havre-Saint-Pierre,CA,50.2334,-63.5986,1.4,77,0,14.97,clear sky
133,Burnie,AU,-41.0667,145.9167,77.94,53,100,8.72,overcast clouds
134,Vrangel,RU,42.7297,133.0839,21.0,39,100,5.1,overcast clouds
135,Ridgecrest,US,35.6225,-117.6709,67.46,14,0,1.01,clear sky
136,Bredasdorp,ZA,-34.5322,20.0403,67.32,73,99,8.05,overcast clouds
137,Cockburn Town,TC,21.4612,-71.1419,77.65,83,0,17.16,clear sky
138,Carauari,BR,-4.8828,-66.8958,73.08,100,100,1.1,moderate rain
139,Kavieng,PG,-2.5744,150.7967,84.43,70,84,6.33,light rain
140,Bay Roberts,CA,47.5999,-53.2648,33.51,74,100,1.99,overcast clouds
141,Pisco,PE,-13.7,-76.2167,69.85,73,0,9.22,clear sky
142,Borodino,RU,55.9106,94.8983,-29.06,100,97,1.99,overcast clouds
143,Rielasingen-Worblingen,DE,47.7347,8.8401,39.31,83,3,1.23,clear sky
144,Longyearbyen,SJ,78.2186,15.6401,15.64,92,75,6.91,light snow
145,Petropavlovsk-Kamchatskiy,RU,53.0452,158.6483,23.59,54,75,17.9,light snow
146,Laguna,US,38.421,-121.4238,68.18,50,0,3.44,clear sky
147,Carutapera,BR,-1.195,-46.02,77.02,90,100,6.69,overcast clouds
148,Warwick,US,41.7001,-71.4162,30.06,92,100,11.5,snow
149,Pevek,RU,69.7008,170.3133,-15.95,97,100,8.41,overcast clouds
150,Leshukonskoye,RU,64.8989,45.7622,1.47,95,89,6.44,overcast clouds
151,Berlevag,NO,70.8578,29.0864,20.75,90,100,7.29,light snow
152,Mount Isa,AU,-20.7333,139.5,89.37,45,93,12.66,overcast clouds
153,Baghmara,IN,23.795,86.2085,59.29,39,4,3.02,clear sky
154,Punta De Bombon,PE,-17.1717,-71.7931,70.7,81,99,6.08,overcast clouds
155,Saint-Raymond,CA,45.467,-73.6095,6.1,64,75,9.22,broken clouds
156,Plastun,RU,44.7561,136.2939,24.28,60,94,4.81,overcast clouds
157,Pascagoula,US,30.3658,-88.5561,42.85,80,0,0.0,clear sky
158,Tasiilaq,GL,65.6145,-37.6368,21.36,91,100,20.71,light snow
159,Huixtla,MX,15.15,-92.4667,78.48,65,65,5.1,broken clouds
160,Bilibino,RU,68.0546,166.4372,-22.95,98,89,1.5,overcast clouds
161,Wajima,JP,37.4,136.9,39.88,60,40,10.36,scattered clouds
162,Ocos,GT,14.5094,-92.1933,82.31,73,8,5.75,clear sky
163,Nabire,ID,-3.3667,135.4833,86.54,63,96,3.8,overcast clouds
164,Nerchinskiy Zavod,RU,51.3088,119.61,-7.28,94,100,2.75,overcast clouds
165,Mataura,NZ,-46.1927,168.8643,66.47,35,100,2.75,overcast clouds
166,Solnechnyy,RU,50.7214,136.6319,13.62,86,100,6.02,overcast clouds
167,Arkhipo-Osipovka,RU,44.37,38.52,35.33,68,100,15.66,overcast clouds
168,Lima,PE,-12.0432,-77.0282,70.9,79,0,11.5,clear sky
169,Kembe,CF,4.6228,21.8865,73.17,28,87,1.12,overcast clouds
170,Katsuura,JP,35.1333,140.3,46.11,68,99,23.6,overcast clouds
171,Yatou,CN,37.15,122.3833,31.8,74,100,20.18,overcast clouds
172,New Norfolk,AU,-42.7826,147.0587,67.66,51,96,3.0,overcast clouds
173,Salalah,OM,17.0151,54.0924,71.69,18,0,18.41,clear sky
174,Yumen,CN,40.2833,97.2,26.46,42,2,12.8,clear sky
175,Kupang,ID,-10.1667,123.5833,84.11,66,4,2.53,clear sky
176,Fare,PF,-16.7,-151.0167,81.46,73,100,14.58,light rain
177,Barra Patuca,HN,15.8,-84.2833,76.66,81,2,9.01,clear sky
178,Ust-Ishim,RU,57.6935,71.1665,-6.16,100,95,3.13,overcast clouds
179,Tura,IN,25.5198,90.2201,59.94,63,0,3.27,clear sky
180,Saint Anthony,US,45.0205,-93.218,8.15,79,100,12.66,light snow
181,Deputatskiy,RU,69.3,139.9,-11.51,95,98,4.79,overcast clouds
182,Provideniya,RU,64.3833,-173.3,-3.89,65,0,8.95,clear sky
183,Kruisfontein,ZA,-34.0033,24.7314,65.88,92,100,11.9,light rain
184,Ashqelon,IL,31.6693,34.5715,57.4,71,99,8.61,overcast clouds
185,Tamandare,BR,-8.7597,-35.1047,79.79,76,27,9.75,scattered clouds
186,Leiyang,CN,26.4024,112.8591,44.8,79,27,2.44,scattered clouds
187,Bethel,US,41.3712,-73.414,26.96,65,100,9.22,overcast clouds
188,Te Anau,NZ,-45.4167,167.7167,68.36,45,100,1.74,overcast clouds
189,Acari,PE,-15.4311,-74.6158,73.76,76,38,3.87,scattered clouds
190,Boden,SE,65.8252,21.6886,8.6,97,18,3.71,few clouds
191,Arman,RU,59.7,150.1667,4.57,70,94,8.88,overcast clouds
192,Lasa,IT,46.6166,10.7002,29.66,69,3,1.7,clear sky
193,San Felipe,VE,10.3399,-68.7425,69.8,94,48,4.83,scattered clouds
194,Severo-Kurilsk,RU,50.6789,156.125,26.58,67,58,15.75,broken clouds
195,Nishihara,JP,26.1842,127.7558,64.06,88,75,19.57,broken clouds
196,Vaini,TO,-21.2,-175.2,80.42,71,85,15.95,overcast clouds
197,Manhattan,US,40.7834,-73.9662,29.86,65,100,11.5,overcast clouds
198,Suchindram,IN,8.15,77.4833,76.19,73,15,13.6,few clouds
199,Soyo,AO,-6.1349,12.3689,78.48,85,100,5.35,overcast clouds
200,Biryusinsk,RU,55.9634,97.8235,-19.32,98,16,4.61,few clouds
201,Lida,BY,53.8833,25.2997,27.25,81,64,10.63,broken clouds
202,Hirara,JP,24.8,125.2833,66.47,82,75,23.02,broken clouds
203,Ust-Karsk,RU,52.7011,118.8077,-6.99,92,100,1.01,overcast clouds
204,Bowen,AU,-20.0167,148.2333,83.41,63,13,21.52,few clouds
205,Flinders,AU,-34.5833,150.8552,83.17,59,97,4.0,overcast clouds
206,Karratha,AU,-20.7377,116.8463,95.85,38,60,9.01,broken clouds
207,Naze,JP,28.3667,129.4833,56.32,82,100,19.82,light rain
208,Santa Maria,BR,-29.6842,-53.8069,60.78,36,0,0.45,clear sky
209,Cherskiy,RU,68.75,161.3,-21.87,97,95,6.29,overcast clouds
210,Saint George,US,37.1041,-113.5841,61.39,18,0,1.99,clear sky
211,Porto Velho,BR,-8.7619,-63.9039,75.25,94,0,0.0,clear sky
212,Guerrero Negro,MX,27.9769,-114.0611,69.04,38,6,9.66,clear sky
213,Mendeleyevo,RU,56.0333,37.2167,27.48,59,0,15.66,light snow
214,Mount Gambier,AU,-37.8333,140.7667,74.43,51,23,8.66,few clouds
215,Khani,GE,41.9563,42.9566,31.57,79,100,7.34,overcast clouds
216,Malakal,SS,9.5334,31.6605,76.87,16,93,9.15,overcast clouds
217,Ambilobe,MG,-13.2,49.05,71.6,94,17,1.88,few clouds
218,Saint-Joseph,RE,-21.3667,55.6167,79.16,84,18,11.81,few clouds
219,Dabakala,CI,8.3667,-4.4333,74.32,69,8,2.13,clear sky
220,Kyshtovka,RU,56.555,76.6271,7.21,96,100,6.13,overcast clouds
221,Saurimo,AO,-9.6608,20.3916,64.31,97,100,2.62,overcast clouds
222,Campestre,BR,-21.7111,-46.2464,63.41,93,6,1.52,clear sky
223,Bonfim,BR,3.0833,-59.95,80.06,67,26,10.31,scattered clouds
224,Jalu,LY,29.0331,21.5482,52.29,60,0,5.86,clear sky
225,Vanimo,PG,-2.6741,141.3028,82.18,80,100,1.3,overcast clouds
226,Samfya,ZM,-11.3649,29.5565,63.16,96,94,6.35,light rain
227,Bengkulu,ID,-3.8004,102.2655,81.36,71,99,2.77,overcast clouds
228,Carmarthen,GB,51.8555,-4.3054,44.76,87,75,19.57,broken clouds
229,Pompeia,BR,-22.1086,-50.1717,72.05,74,8,2.46,clear sky
230,Plettenberg Bay,ZA,-34.0527,23.3716,67.05,92,100,9.28,light rain
231,Vardo,NO,70.3705,31.1107,23.59,87,100,17.11,light snow
232,Dingle,PH,10.9995,122.6711,83.37,70,100,10.18,overcast clouds
233,Meulaboh,ID,4.1363,96.1285,79.2,81,96,4.14,overcast clouds
234,Gorontalo,ID,0.5412,123.0595,82.96,67,97,1.48,overcast clouds
235,Ledyard,US,41.4398,-72.0142,27.72,86,100,9.22,snow
236,Lebu,CL,-37.6167,-73.65,57.61,91,98,5.28,overcast clouds
237,Port-Gentil,GA,-0.7193,8.7815,80.65,78,100,9.42,overcast clouds
238,Mar Del Plata,AR,-38.0023,-57.5575,64.87,73,0,1.99,clear sky
239,Roanoke Rapids,US,36.4615,-77.6542,37.04,100,100,9.22,overcast clouds
240,Kaitangata,NZ,-46.2817,169.8464,60.93,70,99,6.62,overcast clouds
241,Tunduma,TZ,-9.3,32.7667,57.4,93,100,1.07,overcast clouds
242,Nurota,UZ,40.5614,65.6886,37.49,59,99,11.1,overcast clouds
243,Ulcinj,ME,41.9294,19.2244,48.04,79,87,4.03,overcast clouds
244,Olenino,RU,56.2092,33.4889,22.64,87,100,11.83,overcast clouds
245,Axim,GH,4.8699,-2.2405,78.28,86,100,6.62,overcast clouds
246,Maragogi,BR,-9.0122,-35.2225,79.83,75,12,10.4,few clouds
247,Flagstaff,US,35.1981,-111.6513,48.88,25,0,1.01,clear sky
248,Buraydah,SA,26.326,43.975,39.65,32,0,4.94,clear sky
249,West Fargo,US,46.875,-96.9004,10.02,79,100,20.71,overcast clouds
250,Tautira,PF,-17.7333,-149.15,86.02,77,75,17.47,light rain
251,Mwene-Ditu,CD,-7.0,23.45,64.27,96,100,4.23,overcast clouds
252,Fukue,JP,32.6881,128.8419,53.96,58,40,13.8,scattered clouds
253,Banda Aceh,ID,5.5577,95.3222,81.09,72,64,7.0,broken clouds
254,Santa Rita,BR,-7.1139,-34.9781,81.27,83,40,5.75,scattered clouds
255,Kavaratti,IN,10.5669,72.642,80.6,71,0,7.05,clear sky
256,Chuy,UY,-33.6971,-53.4616,58.44,67,5,7.31,clear sky
257,Krasnovishersk,RU,60.4078,57.082,0.63,99,100,1.28,overcast clouds
258,Lardos,GR,36.0942,28.0157,55.22,68,78,15.99,broken clouds
259,Hammerfest,NO,70.6634,23.6821,19.85,86,75,3.44,light snow
260,Inhambane,MZ,-23.865,35.3833,75.33,83,0,7.43,clear sky
261,Kununurra,AU,-15.7667,128.7333,76.98,94,36,6.91,moderate rain
262,Geraldton,AU,-28.7667,114.6,84.61,61,0,5.75,clear sky
263,Rantoul,US,40.3084,-88.1559,13.78,74,40,3.04,scattered clouds
264,Codrington,AU,-38.2667,141.9667,71.44,60,25,10.71,scattered clouds
265,High Level,CA,58.5169,-117.136,3.31,78,100,6.91,overcast clouds
266,Mecca,SA,21.4267,39.8261,71.58,27,7,4.79,clear sky
267,Lagoa,PT,39.05,-27.9833,56.64,60,100,5.06,overcast clouds
268,Ancud,CL,-41.8697,-73.8203,60.33,95,6,2.26,clear sky
269,Otofuke,JP,42.9917,143.2003,23.95,81,19,1.81,few clouds
270,Severobaykalsk,RU,55.65,109.3167,-8.45,80,17,2.57,few clouds
271,Fallon,US,39.4735,-118.7774,57.27,24,0,8.05,clear sky
272,Isla Vista,US,34.4133,-119.861,74.34,42,0,4.61,clear sky
273,Puerto Varas,CL,-41.3195,-72.9854,61.86,94,0,5.75,clear sky
274,Sungai Padi,TH,6.0851,101.8766,80.1,86,91,2.91,overcast clouds
275,Coihaique,CL,-45.5752,-72.0662,58.95,58,82,4.61,broken clouds
276,Narsimhapur,IN,22.95,79.2,56.84,32,4,4.56,clear sky
277,Mzimba,MW,-11.9,33.6,59.86,98,99,2.04,overcast clouds
278,Beroroha,MG,-21.6667,45.1667,74.01,70,3,3.96,clear sky
279,Nioro,GM,13.35,-15.75,73.27,17,57,6.82,broken clouds
280,Nakama,JP,33.8167,130.7,54.95,59,5,7.0,clear sky
281,Oksfjord,NO,70.2396,22.3479,20.32,95,100,6.6,light snow
282,Margate,GB,51.3813,1.3862,49.3,86,100,10.0,overcast clouds
283,Fortuna,US,40.5982,-124.1573,60.48,95,100,0.0,overcast clouds
284,Puerto Penasco,MX,31.3167,-113.5333,69.91,44,0,8.16,clear sky
285,Tondano,ID,1.3038,124.9112,73.49,61,94,2.21,overcast clouds
286,Fort Nelson,CA,58.8053,-122.7002,4.59,78,75,4.61,broken clouds
287,Tukrah,LY,32.5341,20.5791,51.39,81,8,3.09,clear sky
288,Bereda,ES,43.2686,-7.5406,44.35,100,91,6.62,overcast clouds
289,Adre,TD,13.4667,22.2,66.9,14,100,15.59,overcast clouds
290,Nigran,ES,42.1415,-8.8066,53.04,65,34,4.0,light rain
291,Misratah,LY,32.3754,15.0925,56.71,70,55,8.41,broken clouds
292,Grindavik,IS,63.8424,-22.4338,30.15,80,75,12.66,light snow
293,Pacific Grove,US,36.6177,-121.9166,72.0,85,100,3.44,fog
294,Pangody,RU,65.85,74.4859,-14.66,99,99,8.52,overcast clouds
295,Yei,SS,4.095,30.6779,73.33,43,96,1.9,overcast clouds
296,Evensk,RU,61.95,159.2333,5.5,71,24,9.19,few clouds
297,Ban Nahin,LA,18.2418,104.2122,72.77,63,100,4.03,overcast clouds
298,Demyansk,RU,57.643,32.466,27.88,88,100,10.98,light snow
299,Cortez,US,37.3489,-108.5859,43.52,37,0,3.44,clear sky
300,Muzhi,RU,65.3667,64.6667,-22.58,100,100,3.09,overcast clouds
301,Cairns,AU,-16.9167,145.7667,88.11,68,75,21.85,broken clouds
302,Tsiroanomandidy,MG,-18.7667,46.0333,68.49,89,92,3.44,overcast clouds
303,Pyaozerskiy,RU,65.8333,31.1667,29.5,96,100,9.6,light snow
304,Luderitz,NA,-26.6481,15.1594,71.06,67,1,9.8,clear sky
305,Saldanha,ZA,-33.0117,17.9442,66.25,90,0,14.07,clear sky
306,Chokurdakh,RU,70.6333,147.9167,-14.03,97,83,8.32,broken clouds
307,Troitskoye,RU,52.9821,84.6757,18.81,94,100,9.66,light snow
308,Contamana,PE,-7.3333,-75.0167,72.7,96,100,1.12,overcast clouds
309,Glen Carbon,US,38.7484,-89.9832,23.32,74,0,6.91,clear sky
310,Elko,US,41.0002,-115.5012,43.05,40,0,4.0,clear sky
311,Wilmington Island,US,32.0036,-80.9737,53.58,37,0,11.5,clear sky
312,Marawi,PH,7.9986,124.2928,72.64,56,99,2.77,overcast clouds
313,Rabo De Peixe,PT,37.8,-25.5833,57.27,82,75,4.61,broken clouds
314,Ho Chi Minh City,VN,10.75,106.6667,86.02,62,40,3.44,scattered clouds
315,Altay,CN,47.8667,88.1167,10.74,77,100,3.62,overcast clouds
316,Baiyin,CN,36.5583,104.2081,27.48,76,7,3.0,clear sky
317,Cedar City,US,37.6775,-113.0619,48.4,24,0,8.05,clear sky
318,Iskateley,RU,67.6803,53.1512,-1.89,98,31,9.8,scattered clouds
319,Port Moresby,PG,-9.4431,147.1797,89.02,55,40,11.5,haze
320,Labuhan,ID,-6.8844,112.2051,78.3,86,92,5.44,moderate rain
321,Richards Bay,ZA,-28.783,32.0377,76.5,89,100,8.95,light rain
322,Balotra,IN,25.8333,72.2333,58.3,31,0,2.59,clear sky
323,Harper,LR,4.375,-7.7169,76.98,87,32,3.74,scattered clouds
324,Novikovo,RU,51.1537,37.8879,12.45,91,61,5.86,broken clouds
325,Verkhoyansk,RU,67.5447,133.385,-15.36,87,96,1.43,overcast clouds
326,Jibuti,DJ,11.5,42.5,71.02,79,6,6.73,clear sky
327,Duns,GB,55.777,-2.3457,41.56,93,100,13.98,overcast clouds
328,Narsaq,GL,60.9167,-46.05,21.42,96,100,7.07,light snow
329,Xining,CN,36.6167,101.7667,17.15,60,50,1.92,scattered clouds
330,Ketchikan,US,55.3422,-131.6461,44.58,93,100,3.44,light rain
331,Petropavlovskoye,RU,52.0712,84.107,18.27,82,100,6.76,overcast clouds
332,Twentynine Palms,US,34.1356,-116.0542,69.66,9,2,2.15,clear sky
333,Hualmay,PE,-11.0964,-77.6139,71.38,80,100,9.6,overcast clouds
334,Rolante,BR,-29.6506,-50.5758,69.66,99,24,1.59,few clouds
335,Mumford,GH,5.2618,-0.759,78.84,85,97,7.11,light rain
336,Huarmey,PE,-10.0681,-78.1522,72.77,78,86,7.63,overcast clouds
337,Asfi,MA,32.2994,-9.2372,55.47,83,19,7.67,few clouds
338,Saryozek,KZ,44.3583,77.9753,22.15,79,100,2.15,overcast clouds
339,Tabou,CI,4.423,-7.3528,76.86,88,91,4.05,overcast clouds
340,Clyde River,CA,70.4692,-68.5914,-14.57,76,100,26.46,light snow
341,Sorland,NO,67.667,12.6934,34.38,60,99,27.45,light snow
342,Bure,ET,10.7,37.0667,58.95,46,5,4.43,clear sky
343,Chara,RU,56.9064,118.2631,-18.94,88,18,1.19,few clouds
344,Taoudenni,ML,22.6783,-3.9836,59.5,27,0,11.68,clear sky
345,Skovorodino,RU,53.9833,123.9167,1.63,81,99,2.86,overcast clouds
346,Konnur,IN,16.2,74.75,60.8,45,47,5.06,scattered clouds
347,Wilhelmsburg,AT,48.1057,15.6054,34.38,77,1,1.43,clear sky
348,Seoul,KR,37.5683,126.9778,45.91,53,0,4.61,clear sky
349,Ilulissat,GL,69.2167,-51.1,6.82,72,100,13.8,light shower snow
350,Ostrovnoy,RU,68.0531,39.5131,21.61,71,100,27.07,overcast clouds
351,Arrecife,ES,28.963,-13.5477,60.87,82,0,6.91,clear sky
352,Tuatapere,NZ,-46.1333,167.6833,66.81,51,100,5.68,overcast clouds
353,Shelburne,CA,44.0787,-80.2041,8.56,79,100,2.89,overcast clouds
354,Rawson,AR,-43.3002,-65.1023,73.94,40,4,3.65,clear sky
355,New Glasgow,CA,45.5834,-62.6486,21.58,89,100,12.64,light snow
356,Otane,NZ,-39.8833,176.6333,60.39,67,100,10.4,overcast clouds
357,Walvis Bay,NA,-22.9575,14.5053,72.55,83,36,5.75,scattered clouds
358,Wanaka,NZ,-44.7,169.15,70.11,43,96,5.99,overcast clouds
359,Caravelas,BR,-17.7125,-39.2481,75.09,91,95,4.72,overcast clouds
360,Hasaki,JP,35.7333,140.8333,41.4,57,100,28.32,light rain
361,Norman Wells,CA,65.282,-126.8329,-7.56,71,75,2.3,light snow
362,Natal,BR,-5.795,-35.2094,81.25,83,40,9.22,scattered clouds
363,Aquiraz,BR,-3.9014,-38.3911,83.17,86,19,10.49,few clouds
364,Floro,NO,61.5996,5.0328,39.16,93,40,8.05,scattered clouds
365,Pitimbu,BR,-7.4706,-34.8086,81.19,74,4,9.42,clear sky
366,Dawei,MM,14.0833,98.2,82.44,59,89,0.98,overcast clouds
367,Fairbanks,US,64.8378,-147.7164,9.3,82,100,3.44,light snow
368,Mawlaik,MM,23.6333,94.4167,61.88,42,0,1.3,clear sky
369,Barda,AZ,40.3744,47.1267,38.88,71,100,13.13,overcast clouds
370,Champerico,GT,14.3,-91.9167,82.35,71,4,4.18,clear sky
371,Tongliao,CN,43.6125,122.2653,4.84,86,100,11.61,overcast clouds
372,Egvekinot,RU,66.3167,-179.1667,-16.17,90,14,6.46,few clouds
373,Phulpur,IN,25.55,82.1,52.45,63,0,1.81,clear sky
374,Alamos,MX,27.0167,-108.9333,70.77,14,94,2.57,overcast clouds
375,Sao Joao Da Barra,BR,-21.6403,-41.0511,77.09,88,31,13.42,scattered clouds
376,Khed Brahma,IN,24.0333,73.05,59.52,31,0,4.36,clear sky
377,Sebring,US,27.4956,-81.4409,61.54,74,0,14.97,clear sky
378,Koslan,RU,63.4564,48.8989,-1.26,100,91,3.94,overcast clouds
379,Paita,PE,-5.0892,-81.1144,73.49,81,91,9.1,overcast clouds
380,Turan,VN,16.0678,108.2208,73.38,64,75,4.61,broken clouds
381,Valparaiso,CL,-33.0393,-71.6273,66.47,80,0,3.44,clear sky
382,Lyuban,BY,52.7985,28.0048,25.79,83,9,8.97,clear sky
383,Srednekolymsk,RU,67.45,153.6833,-21.62,93,20,5.59,few clouds
384,Henties Bay,NA,-22.116,14.2845,71.85,87,68,5.91,broken clouds
385,Cabo San Lucas,MX,22.8909,-109.9124,77.31,33,20,5.75,few clouds
386,Abu Samrah,SY,35.3029,37.1841,44.53,78,0,7.65,clear sky
387,San Jose,US,37.3394,-121.895,72.28,52,75,4.61,broken clouds
388,Shambu,ET,9.5667,37.1,53.42,48,11,2.33,few clouds
389,Hofn,IS,64.2539,-15.2082,22.73,67,31,9.91,scattered clouds
390,Saint-Pierre,RE,-21.3393,55.4781,80.24,73,0,4.61,clear sky
391,Kungurtug,RU,50.5994,97.5228,-17.28,92,46,1.32,scattered clouds
392,Xinxiang,CN,35.3089,113.8672,35.69,63,23,13.91,few clouds
393,Brigantine,US,39.4101,-74.3646,32.05,96,100,10.36,mist
394,Megion,RU,61.0296,76.1136,-3.98,96,100,10.11,overcast clouds
395,Riyadh,SA,24.6877,46.7219,46.54,34,0,8.37,clear sky
396,Roebourne,AU,-20.7833,117.1333,95.76,38,66,11.25,broken clouds
397,Knysna,ZA,-34.0363,23.0471,68.38,93,100,8.3,light rain
398,Thap Than,TH,15.4606,99.8917,86.72,56,55,5.28,broken clouds
399,Jumla,NP,29.2747,82.1838,31.51,62,0,6.2,clear sky
400,Torata,PE,-17.0769,-70.8433,59.7,61,60,1.39,broken clouds
401,Voh,NC,-20.9667,164.7,88.14,61,99,6.62,overcast clouds
402,Gampaha,LK,7.0897,79.9925,73.62,83,39,4.9,scattered clouds
403,Bairiki,KI,1.3292,172.9752,86.0,70,20,8.05,few clouds
404,Hambantota,LK,6.1241,81.1185,77.36,80,25,16.13,scattered clouds
405,Aripuana,BR,-9.1667,-60.6333,72.05,99,84,1.34,broken clouds
406,Batemans Bay,AU,-35.7167,150.1833,91.2,41,99,10.36,overcast clouds
407,Hamilton,US,39.1834,-84.5333,21.4,78,40,9.22,scattered clouds
408,Bandarbeyla,SO,9.4942,50.8122,73.44,74,100,12.55,overcast clouds
409,Launceston,AU,-41.45,147.1667,81.61,42,100,5.75,overcast clouds
410,Adrar,MR,20.5022,-10.0711,59.85,24,95,10.83,overcast clouds
411,Ballina,AU,-28.8667,153.5667,76.78,85,45,12.46,scattered clouds
412,Taywarah,AF,33.35,64.4167,16.74,81,11,5.32,few clouds
413,Bethlehem,BR,-1.4558,-48.5044,77.04,94,0,4.61,heavy intensity rain
414,Bahia Blanca,AR,-38.7196,-62.2724,73.83,27,0,12.15,clear sky
415,Celestun,MX,20.8667,-90.4,70.52,72,96,20.56,overcast clouds
416,Sao Filipe,CV,14.8961,-24.4956,73.36,68,84,10.76,broken clouds
417,Yar-Sale,RU,66.8333,70.8333,-19.86,99,100,7.25,overcast clouds
418,Okhotsk,RU,59.3833,143.3,-4.59,75,0,14.23,clear sky
419,Turukhansk,RU,65.8167,87.9833,-7.33,88,36,12.08,scattered clouds
420,Sembe,CG,1.6481,14.5806,69.58,81,100,2.66,overcast clouds
421,London,GB,51.5085,-0.1257,48.25,92,75,16.11,broken clouds
422,Zhezkazgan,KZ,47.8043,67.7144,31.98,93,100,24.61,snow
423,Inverell,AU,-29.7833,151.1167,85.1,40,2,5.01,clear sky
424,Frunze,UA,48.6686,38.7544,23.43,94,5,2.13,clear sky
425,Codajas,BR,-3.8367,-62.0569,73.81,98,100,2.21,overcast clouds
426,Ulety,RU,51.3572,112.4849,-11.76,91,84,0.6,broken clouds
427,Cam Ranh,VN,11.9214,109.1591,80.56,74,40,9.22,scattered clouds
428,Juegang,CN,32.3174,121.1855,45.25,59,0,8.63,clear sky
429,Talcahuano,CL,-36.7167,-73.1167,60.48,77,100,6.91,overcast clouds
430,Svetlogorsk,BY,52.6333,29.7333,26.15,86,11,10.31,few clouds
431,Erzin,TR,36.9559,36.2,39.72,87,15,3.58,few clouds
432,Ajdabiya,LY,30.7554,20.2263,52.25,78,0,5.73,clear sky
433,Dezful,IR,32.3811,48.4058,56.01,42,0,4.43,clear sky
434,Batagay,RU,67.6333,134.6333,-18.4,87,84,2.37,broken clouds
435,Kailua,US,21.4022,-157.7394,80.58,65,0,16.11,clear sky
436,Roald,NO,62.5833,6.1333,41.16,87,100,33.38,overcast clouds
437,Panuco,MX,22.05,-98.1667,60.98,49,90,5.14,overcast clouds
438,Sligo,IE,54.2697,-8.4694,41.68,89,95,13.73,overcast clouds
439,Kirakira,SB,-10.4544,161.9205,80.04,84,100,4.09,overcast clouds
440,Am Timan,TD,11.0297,20.2827,74.35,16,100,6.98,overcast clouds
441,Yaring,TH,6.8662,101.3689,80.29,77,95,10.09,overcast clouds
442,Sovetskiy,RU,61.3614,63.5842,-14.64,100,57,2.71,broken clouds
443,Sumenep,ID,-7.0167,113.8667,79.9,82,98,3.27,heavy intensity rain
444,Kosh-Agach,RU,50.0,88.6667,-18.54,99,100,1.99,overcast clouds
445,Diego De Almagro,CL,-26.3667,-70.05,65.25,41,75,2.42,broken clouds
446,Grao Mogol,BR,-16.5594,-42.8897,64.67,94,18,0.58,few clouds
447,Ada,US,43.4166,-116.1262,38.08,67,0,8.05,clear sky
448,Zemio,CF,5.0314,25.1361,72.03,26,30,3.38,scattered clouds
449,Springbok,ZA,-29.6643,17.8865,73.17,47,12,3.51,few clouds
450,Williams Lake,CA,52.1415,-122.1445,38.77,76,100,2.3,overcast clouds
451,Verkhnevilyuysk,RU,63.4453,120.3167,-15.18,98,100,1.03,overcast clouds
452,Faya,SA,18.3851,42.4509,48.31,62,11,2.19,few clouds
453,Nampula,MZ,-15.1165,39.2666,69.58,99,100,1.5,overcast clouds
454,Wembley,AU,-31.9333,115.8,91.69,47,0,11.5,clear sky
455,Tshane,BW,-24.0196,21.8684,77.88,37,95,1.99,overcast clouds
456,Dunedin,NZ,-45.8742,170.5036,62.8,60,72,10.0,broken clouds
457,Swakopmund,NA,-22.6833,14.5333,72.45,88,97,5.01,overcast clouds
458,Trincomalee,LK,8.5711,81.2335,79.65,71,72,12.55,broken clouds
459,Mount Darwin,ZW,-16.7725,31.5838,63.91,93,67,1.88,broken clouds
460,Tilichiki,RU,60.4667,166.1,-11.52,90,32,10.27,scattered clouds
461,Los Alamos,US,35.8881,-106.307,42.55,50,0,1.01,clear sky
462,Anadyr,RU,64.75,177.4833,-32.01,66,20,11.18,mist
463,Gorazde,BA,43.6669,18.9764,30.31,98,83,1.32,broken clouds
464,Ileza,RU,61.0533,43.9002,20.37,95,100,9.4,light snow
465,Touros,BR,-5.1989,-35.4608,81.5,75,5,13.02,clear sky
466,Chardara,KZ,41.2547,67.9692,40.23,57,100,11.79,overcast clouds
467,Paramonga,PE,-10.6667,-77.8333,71.91,80,100,8.86,overcast clouds
468,Sao Felix Do Xingu,BR,-6.6447,-51.995,70.38,90,100,1.45,overcast clouds
469,San Patricio,US,28.017,-97.5169,53.83,39,92,8.39,overcast clouds
470,Peleduy,RU,59.6289,112.7406,-17.95,97,74,0.78,broken clouds
471,Nhulunbuy,AU,-12.2333,136.7667,90.21,55,20,16.11,few clouds
472,Port Blair,IN,11.6667,92.75,77.04,73,20,2.3,mist
473,Ponta Delgada,PT,37.7333,-25.6667,57.51,67,75,4.61,broken clouds
474,Makakilo City,US,21.3469,-158.0858,79.12,47,100,12.66,overcast clouds
475,Labuan,MY,5.2767,115.2417,86.16,84,20,2.3,few clouds
476,Sisimiut,GL,66.9395,-53.6735,-0.33,95,100,17.36,overcast clouds
477,Oranjemund,NA,-28.55,16.4333,64.02,92,7,9.06,clear sky
478,Tessalit,ML,20.1986,1.0114,60.03,23,60,10.8,broken clouds
479,North Bend,US,43.4065,-124.2243,49.86,95,75,4.61,broken clouds
480,Thinadhoo,MV,0.5333,72.9333,81.61,73,89,8.88,overcast clouds
481,Bima,ID,-8.4667,118.7167,85.41,72,46,2.39,scattered clouds
482,Lundazi,ZM,-12.2929,33.1782,62.6,97,100,3.06,overcast clouds
483,Port Hardy,CA,50.6996,-127.4199,49.75,71,100,5.75,overcast clouds
484,Saint-Ambroise,CA,48.5501,-71.3324,-19.66,100,56,0.69,broken clouds
485,Phan Thiet,VN,10.9333,108.1,84.7,61,84,11.59,broken clouds
486,Husavik,IS,66.0449,-17.3389,8.51,77,95,16.96,overcast clouds
487,Bad Freienwalde,DE,52.7873,14.0304,42.39,77,90,3.0,overcast clouds
488,Chicama,PE,-7.8447,-79.1469,68.54,69,61,4.61,broken clouds
489,Hervey Bay,AU,-25.2986,152.8535,82.51,79,22,19.35,few clouds
490,Orzinuovi,IT,45.404,9.9216,40.15,48,8,3.42,clear sky
491,Kurchatov,RU,51.6601,35.6521,19.96,88,41,8.39,scattered clouds
492,San Cristobal,VE,7.7669,-72.225,73.58,77,100,1.32,overcast clouds
493,Chapada Dos Guimaraes,BR,-15.4606,-55.7497,69.46,95,100,3.29,overcast clouds
494,Ixtapa,MX,20.7,-105.2,75.22,64,75,2.3,broken clouds
495,Kulu,TR,39.0951,33.0799,31.35,83,100,4.07,overcast clouds
496,Makaryev,RU,57.8797,43.8069,24.04,96,100,8.93,light snow
497,Beringovskiy,RU,63.05,179.3167,-20.47,95,28,9.19,scattered clouds
498,Vizinga,RU,61.0749,50.1031,1.67,100,94,3.96,overcast clouds
499,Puteyets,RU,65.1716,57.091,4.33,98,83,6.38,broken clouds
500,Porto-Vecchio,FR,41.591,9.2795,47.73,100,75,0.0,broken clouds
501,Chapais,CA,49.7834,-74.8492,-24.02,100,91,1.34,overcast clouds
502,Nyanguge,TZ,-2.55,33.2,69.04,67,99,4.16,overcast clouds
503,Kingston,JM,17.997,-76.7936,79.75,67,20,3.44,few clouds
504,Asau,RO,46.4333,26.4,28.96,80,97,3.96,overcast clouds
505,Ust-Nera,RU,64.5667,143.2,-22.4,95,47,0.89,scattered clouds
506,Baracoa,CU,20.3467,-74.4958,74.66,84,8,1.03,clear sky
507,Vyartsilya,RU,62.1764,30.693,33.24,98,100,10.94,light snow
508,Wukari,NG,7.85,9.7833,73.31,16,68,4.81,broken clouds
509,Gdov,RU,58.7406,27.8122,32.43,88,100,14.92,overcast clouds
510,Nalut,LY,30.3333,10.85,51.67,31,71,16.2,broken clouds
511,Ormara,PK,25.2088,64.6357,69.1,75,10,3.91,clear sky
512,Zonguldak,TR,41.25,31.8333,36.75,95,100,1.61,overcast clouds
513,Madina,GH,5.6823,-0.1641,80.56,83,0,6.91,clear sky
514,Assare,BR,-6.8744,-39.875,70.66,60,93,1.97,overcast clouds
515,Kirando,TZ,-7.4167,30.6,69.85,86,100,4.25,light rain
516,Hillsborough,US,37.5741,-122.3794,69.89,64,75,11.5,broken clouds
517,Ailigandi,PA,9.2333,-78.0167,78.75,87,89,10.65,overcast clouds
518,Praia Da Vitoria,PT,38.7333,-27.0667,57.45,77,40,4.76,scattered clouds
519,Iberia,US,29.9502,-91.7507,44.67,49,0,0.0,clear sky
520,Tombouctou,ML,20.0,-3.0,58.26,26,50,11.92,scattered clouds
521,Sao Jose Da Coroa Grande,BR,-8.8978,-35.1478,79.93,75,25,10.63,scattered clouds
522,Yantongshan,CN,43.2919,126.0094,9.77,87,100,8.28,light snow
523,Musoma,TZ,-1.5,33.8,68.25,75,99,6.49,overcast clouds
524,Wagar,SD,16.1525,36.2032,65.66,69,98,11.63,overcast clouds
525,Tadine,NC,-21.55,167.8833,83.37,74,100,9.64,overcast clouds
526,Nuuk,GL,64.1835,-51.7216,5.61,85,75,5.75,broken clouds
527,Christchurch,NZ,-43.5333,172.6333,67.91,63,75,6.91,broken clouds
528,Elbistan,TR,38.2059,37.1983,14.72,78,54,1.14,broken clouds
529,Nouadhibou,MR,20.931,-17.0347,64.38,77,99,18.41,overcast clouds
530,Hargeysa,SO,9.56,44.065,57.61,73,14,9.22,few clouds
531,Gat,IL,31.61,34.7642,56.39,100,99,7.43,overcast clouds
532,Oktyabrskiy,RU,54.4815,53.471,1.45,100,100,2.71,overcast clouds
533,Melo,UY,-32.3667,-54.1833,58.53,54,0,5.23,clear sky
534,Kurilsk,RU,45.2333,147.8833,28.65,63,88,12.06,light snow
535,Machico,PT,32.7,-16.7667,61.72,70,40,9.22,scattered clouds
536,Boo,SE,59.3333,18.2833,37.08,90,100,5.75,overcast clouds
537,Tecpan,GT,14.7623,-90.9947,55.45,97,24,6.29,few clouds
538,Preobrazheniye,RU,42.9019,133.9064,23.31,39,100,3.56,overcast clouds
539,Iracoubo,GF,5.4802,-53.2011,75.83,91,90,8.79,overcast clouds
540,Myrtle Beach,US,33.6891,-78.8867,50.04,71,75,6.91,broken clouds
541,Vostok,RU,46.4856,135.8833,13.17,86,100,3.62,overcast clouds
542,Sfantu Gheorghe,RO,45.8667,25.7833,26.65,87,100,2.35,overcast clouds
543,Krutikha,RU,53.9599,81.2093,5.7,93,44,8.01,scattered clouds
544,Kilemary,RU,56.7783,46.8659,10.22,98,100,4.25,overcast clouds
545,Takoradi,GH,4.8845,-1.7554,78.44,86,100,7.38,overcast clouds
546,Horki,BY,54.2861,30.9842,21.76,90,100,12.59,overcast clouds
547,Wamba,NG,8.9333,8.6,73.24,16,90,3.71,overcast clouds
548,Zyryanskoye,RU,56.8306,86.6258,9.75,95,100,11.25,light snow
549,Feijo,BR,-8.1642,-70.3536,72.55,99,100,1.68,overcast clouds
550,Port Keats,AU,-14.25,129.55,85.26,64,100,3.18,overcast clouds
551,Bubaque,GW,11.2833,-15.8333,77.99,62,0,4.27,clear sky
552,Znamenskoye,RU,57.1281,73.8282,-7.13,100,80,4.29,broken clouds
553,Lakes Entrance,AU,-37.8811,147.981,92.16,52,15,7.38,few clouds
554,Caucaia,BR,-3.7361,-38.6531,83.03,75,75,10.36,broken clouds
555,Kichera,RU,55.9375,110.0997,-8.03,78,7,5.14,clear sky
556,Kurumkan,RU,54.3,110.3,-10.7,87,28,2.15,scattered clouds
557,Letpadan,MM,17.7833,95.75,71.65,28,10,11.59,clear sky
558,Moron,AR,-34.6534,-58.6198,73.15,52,0,5.32,clear sky
559,Wajir,KE,1.7471,40.0573,74.19,73,7,12.46,clear sky
560,Auki,SB,-8.7676,160.7034,77.81,90,100,3.0,heavy intensity rain
561,Berdigestyakh,RU,62.0989,126.6992,-18.8,98,97,0.85,overcast clouds
562,Antalaha,MG,-14.9003,50.2788,72.52,91,69,5.06,broken clouds
563,Muisne,EC,0.6,-80.0333,75.87,86,100,1.77,overcast clouds
564,Fevik,NO,58.3794,8.6766,40.77,97,100,10.56,light rain
565,Ishii,JP,34.0667,134.4333,47.39,57,75,17.27,broken clouds
566,Santiago,CL,-33.4569,-70.6483,71.85,61,0,12.66,clear sky
567,Payyannur,IN,12.1,75.2,73.76,76,8,3.74,clear sky
568,Livingstone,ZM,-17.8419,25.8543,65.03,87,4,0.69,clear sky
569,Maarianhamina,AX,60.0973,19.9348,35.46,93,100,10.36,light intensity shower rain
570,Vagur,FO,61.4732,-6.8119,36.64,71,100,30.6,overcast clouds
571,Maykor,RU,59.0059,55.88,-0.53,100,100,3.51,overcast clouds
572,Gamba,GA,-2.65,10.0,77.04,86,86,2.93,overcast clouds
573,Muros,ES,42.7762,-9.0603,53.24,93,9,18.03,clear sky
574,Bosaso,SO,11.2842,49.1816,71.46,77,53,2.35,broken clouds
575,Albemarle,US,35.3501,-80.2001,40.73,70,0,0.0,clear sky
576,Sinnamary,GF,5.3833,-52.95,76.01,91,97,9.1,overcast clouds
577,Chandler,US,33.3062,-111.8412,73.47,21,0,4.61,clear sky
578,Nyimba,ZM,-14.5566,30.8149,65.89,97,100,2.01,overcast clouds
579,Oktyabrskoye,RU,43.0645,44.7417,28.54,86,24,11.18,few clouds
580,Joshimath,IN,30.5667,79.5667,38.55,38,0,8.84,clear sky
581,Pizarro,CO,4.9533,-77.366,75.81,91,94,5.01,light rain
582,Porto Novo,BJ,6.4965,2.6036,82.22,81,26,7.7,scattered clouds
583,Borger,NL,52.9233,6.7931,49.98,74,100,21.88,overcast clouds
584,Tosya,TR,41.0155,34.0401,31.42,89,100,1.41,overcast clouds
585,Tlacolula,MX,16.9542,-96.4792,56.07,82,94,7.02,overcast clouds
586,La Ronge,CA,55.1001,-105.2842,7.05,78,100,8.05,overcast clouds
587,Tommot,RU,58.9564,126.2925,-13.68,96,100,0.34,overcast clouds
588,Minas,UY,-34.3759,-55.2377,66.52,58,3,8.84,clear sky
589,Russell,US,32.3502,-85.1999,40.6,58,0,0.0,clear sky
590,Arlit,NE,18.7369,7.3853,65.75,12,0,5.48,clear sky
591,Kharp,RU,66.8014,65.8081,-14.48,100,99,2.75,overcast clouds
592,Norsup,VU,-16.0667,167.3833,85.15,73,100,14.36,overcast clouds
593,Kearney,US,40.6995,-99.0815,38.32,43,0,14.97,clear sky
594,Aklavik,CA,68.2191,-135.0107,-23.08,98,100,10.74,light snow
595,Merauke,ID,-8.4667,140.3333,86.54,61,47,8.12,scattered clouds
596,Iquitos,PE,-3.7481,-73.2472,77.04,88,100,4.61,overcast clouds
597,Nizhniy Odes,RU,63.6445,54.856,-1.34,100,100,4.34,overcast clouds
598,Hobyo,SO,5.3505,48.5268,76.59,71,67,16.55,broken clouds
599,Udachnyy,RU,66.4167,112.4,-20.24,86,9,1.23,clear sky
600,Port Pirie,AU,-33.1833,138.0167,90.52,28,1,9.31,clear sky
601,Capao Bonito,BR,-24.0058,-48.3494,66.06,81,30,1.57,scattered clouds
602,Griffith,US,41.5284,-87.4237,15.73,67,0,8.05,clear sky
603,Puerto Armuelles,PA,8.2833,-82.8667,81.82,83,50,4.12,scattered clouds
604,Ellisras,ZA,-23.6649,27.7443,64.74,57,9,4.25,clear sky
605,Pedernales,DO,18.0384,-71.744,76.68,69,4,3.71,clear sky
606,Greeley,US,40.4233,-104.7091,45.95,44,0,4.61,clear sky
607,Gillette,US,44.2911,-105.5022,37.87,53,0,7.02,clear sky
608,Galesong,ID,-5.3166,119.3661,86.02,74,79,2.75,broken clouds
609,Belmonte,BR,-15.8631,-38.8828,77.5,88,91,6.29,overcast clouds
610,Mersing,MY,2.4312,103.8405,82.31,83,40,2.3,scattered clouds
611,Itoman,JP,26.1247,127.6694,64.78,88,75,19.57,broken clouds
612,Le Port,RE,-20.9373,55.2919,80.56,80,11,4.54,few clouds
613,Eureka,US,40.8021,-124.1637,59.74,91,100,1.01,overcast clouds
614,Amazar,RU,53.858,120.875,-1.95,82,99,3.06,overcast clouds
615,Keuruu,FI,62.2667,24.7,35.74,99,100,10.02,overcast clouds
616,Nortelandia,BR,-14.4547,-56.8028,72.52,97,100,2.48,light rain
617,Igarka,RU,67.4667,86.5833,-13.32,93,37,6.8,scattered clouds
618,Rio Gallegos,AR,-51.6226,-69.2181,44.65,45,0,12.66,clear sky
619,Ejura,GH,7.3856,-1.3562,75.49,76,11,3.69,few clouds
620,Orlik,RU,52.5178,99.825,-19.75,96,73,2.37,broken clouds
621,Altamira,BR,-3.2033,-52.2064,71.02,93,98,2.39,overcast clouds
622,Kuito,AO,-12.3833,16.9333,58.82,95,95,4.7,light rain
623,Barahona,DO,18.2085,-71.1008,75.45,74,6,6.93,clear sky
624,Eregli,TR,37.5133,34.0467,22.44,75,9,2.75,clear sky
625,Pilar,BR,-9.5972,-35.9567,75.13,78,98,7.67,overcast clouds
626,Marquette,US,46.5333,-87.6335,2.35,77,98,1.88,overcast clouds
627,Ajaccio,FR,42.0,8.9167,42.85,81,100,6.91,overcast clouds
628,Cascina,IT,43.6791,10.4994,49.06,86,40,4.0,light rain
629,Nikolayevka,RU,53.1257,47.2041,24.94,96,100,6.06,snow
630,Santa Cruz Del Sur,CU,20.7147,-77.9956,76.3,79,6,7.81,light rain
631,Parfino,RU,57.9731,31.6481,29.73,87,100,11.14,light snow
632,Corredor,CR,8.64,-82.946,81.5,95,16,3.15,few clouds
633,Malaga,ES,36.7202,-4.4203,57.97,78,100,5.75,overcast clouds
634,Avera,US,33.194,-82.5271,46.71,34,0,15.39,clear sky
635,Ahipara,NZ,-35.1667,173.1667,70.84,55,17,11.52,few clouds
636,Kajaani,FI,64.2273,27.7285,33.85,93,100,10.36,overcast clouds
637,Verkhnyaya Inta,RU,65.9811,60.3094,-0.9,92,95,4.9,overcast clouds
638,Kulashi,GE,42.2044,42.3494,39.29,81,0,25.32,clear sky
639,Carmen,MX,18.6333,-91.8333,71.98,77,100,24.65,overcast clouds
640,Doha,QA,25.2867,51.5333,62.58,67,0,8.05,clear sky
641,Kambove,CD,-10.8764,26.5969,60.82,98,100,2.89,light rain
642,Caraballeda,VE,10.6112,-66.8522,78.87,83,20,5.75,few clouds
643,Chifeng,CN,42.2683,118.9636,7.45,71,51,6.58,broken clouds
644,Umm Lajj,SA,25.0213,37.2685,66.02,32,0,10.51,clear sky
645,Dolinsk,RU,47.35,142.8,22.86,88,100,9.62,overcast clouds
646,Noyabrsk,RU,63.1994,75.4507,-14.1,100,95,9.37,overcast clouds
647,Aranda De Duero,ES,41.6704,-3.6892,42.03,81,70,18.05,broken clouds
648,Sandy Bay,AU,-42.913,147.3532,68.31,67,75,12.66,broken clouds
649,Dakar,SN,14.6937,-17.4441,68.88,67,97,19.93,overcast clouds
650,Kushima,JP,31.4583,131.2333,53.64,81,100,9.31,overcast clouds
651,Lompoc,US,34.6391,-120.4579,69.57,72,0,1.01,clear sky
652,Puri,IN,19.8,85.85,61.32,54,58,6.38,broken clouds
653,Okato,NZ,-39.2,173.8833,67.91,59,26,14.99,scattered clouds
654,Necochea,AR,-38.5473,-58.7368,56.03,52,0,6.24,clear sky
655,La Rioja,ES,42.25,-2.5,40.32,80,66,6.6,broken clouds
656,Sao Bento,BR,-6.2833,-37.75,72.39,85,91,6.46,overcast clouds
657,Haicheng,CN,40.8516,122.7475,15.55,78,100,15.75,overcast clouds
658,Dharchula,IN,29.85,80.5333,46.22,34,0,8.14,clear sky
659,Campoverde,PE,-8.4753,-74.8058,74.89,91,100,2.42,overcast clouds
660,Kyra,RU,49.5776,111.9753,-12.73,91,23,1.54,few clouds
661,Kieta,PG,-6.2167,155.6333,84.02,72,100,5.08,light rain
662,Sinegorye,RU,62.0788,150.477,-17.0,95,81,2.46,broken clouds
663,Belaya Gora,RU,68.5333,146.4167,-15.45,91,98,4.74,overcast clouds
664,Brae,GB,60.3964,-1.353,39.11,83,100,18.28,overcast clouds
665,Hami,CN,42.8,93.45,25.14,44,12,6.55,few clouds
666,Alakurtti,RU,66.9672,30.3491,20.62,96,100,2.53,light snow
667,Marzuq,YE,14.4,46.4667,53.22,52,51,3.06,broken clouds
668,Half Moon Bay,US,37.4636,-122.4286,70.48,63,0,11.5,clear sky
669,Nador,MA,35.174,-2.9287,50.25,71,0,3.44,clear sky
670,Sand Springs,US,36.1398,-96.1089,41.58,44,0,0.0,clear sky
671,Sheridan,US,44.8333,-106.9173,35.65,59,0,0.0,clear sky
672,Uyemskiy,RU,64.4743,40.8524,15.85,85,75,6.71,light shower snow
673,Medina Del Campo,ES,41.3124,-4.9141,40.71,86,40,17.83,scattered clouds
674,Mangrol,IN,21.1167,70.1167,64.45,75,16,9.13,few clouds
675,La Palma,US,33.8464,-118.0467,80.33,25,0,10.36,clear sky
676,Cittanova,IT,38.3552,16.0798,51.66,83,91,1.86,overcast clouds
677,Beloha,MG,-25.1667,45.05,73.58,86,0,7.43,clear sky
678,Clifton,US,40.8584,-74.1638,29.7,68,100,10.36,overcast clouds
679,Rafai,CF,4.95,23.9167,69.37,35,22,2.19,few clouds
680,Gorin,RU,51.1983,136.6669,11.01,88,100,6.24,overcast clouds
681,Langsa,ID,4.4683,97.9683,82.53,68,47,2.42,scattered clouds
682,Westport,US,41.1415,-73.3579,28.98,65,100,12.66,overcast clouds
683,Coracao De Jesus,BR,-16.6853,-44.365,68.72,94,10,3.56,clear sky
684,Kahului,US,20.8947,-156.47,78.82,67,40,13.8,scattered clouds
685,Ossora,RU,59.2353,163.0719,2.39,77,78,7.83,broken clouds
686,Ugoofaaru,MV,5.6667,73.0,80.96,71,87,1.5,overcast clouds
687,Palompon,PH,11.0508,124.3843,82.0,72,100,5.01,overcast clouds
688,Aden,YE,12.7794,45.0367,75.81,71,6,8.66,clear sky
689,Mayor Pablo Lagerenza,PY,-19.9309,-60.7718,74.91,70,100,5.66,overcast clouds
690,Ventanas,EC,-1.45,-79.4667,76.05,90,100,0.4,moderate rain
691,Kant,IN,27.8,79.8,52.0,72,0,2.24,clear sky
692,Datong,CN,40.0936,113.2914,6.62,66,40,1.7,scattered clouds
693,Vao,NC,-22.6667,167.4833,80.46,80,99,9.13,overcast clouds
694,Kharagpur,IN,22.3333,87.3333,61.77,53,5,3.06,clear sky
695,Dzilam Gonzalez,MX,21.2833,-88.9333,69.12,77,42,12.82,scattered clouds
696,Alta Floresta,BR,-9.8756,-56.0861,70.93,97,90,2.53,overcast clouds
697,Kitimat,CA,54.0524,-128.6534,39.58,30,100,1.92,overcast clouds
698,Ayan,RU,56.45,138.1667,-0.08,71,8,3.0,clear sky
699,Mongo,TD,12.1844,18.693,74.66,13,100,6.33,overcast clouds
700,Traverse City,US,44.7631,-85.6206,4.6,68,20,4.61,few clouds
701,Biankouma,CI,7.7391,-7.6138,68.52,38,11,2.08,few clouds
702,Leningradskiy,RU,69.3833,178.4167,-16.44,90,77,5.48,broken clouds
703,Roquetas De Mar,ES,36.7642,-2.6148,54.61,80,100,12.82,overcast clouds
704,Sept-Iles,CA,50.2001,-66.3821,-5.94,77,0,5.75,clear sky
705,Farafangana,MG,-22.8167,47.8333,74.03,91,13,3.11,few clouds
706,Sarahan,IN,31.5167,77.8,30.2,45,84,11.23,broken clouds
707,Sayyan,YE,15.1718,44.3244,49.93,77,29,1.72,scattered clouds
708,Pakokku,MM,21.3333,95.1,66.83,37,6,5.26,clear sky
709,Poum,NC,-20.2333,164.0167,82.89,76,99,11.14,overcast clouds
710,Atar,MR,20.5169,-13.0499,64.94,20,98,7.9,overcast clouds
711,Dahanu,IN,19.9667,72.7333,67.96,59,5,1.52,clear sky
712,Shebalino,RU,51.2917,85.6772,15.3,88,100,6.55,overcast clouds
